{
  "group": "default",
  "location": {
    "world": "world",
    "x": 468.4726918531586,
    "y": 95.0,
    "z": 303.07890394523787,
    "yaw": 295.351,
    "pitch": 45.90008
  },
  "operator": true,
  "can-fly": false,
  "walk-speed": 0.2,
  "fly-speed": 0.2
}